<application>
  <component name="XDebuggerSettings">
    <data-views>
      <sort-values>true</sort-values>
    </data-views>
    <general>
      <option name="hideDebuggerOnProcessTermination" value="true" />
      <scroll-to-center>true</scroll-to-center>
    </general>
    <debuggers>
      <debugger id="python">
        <configuration>
          <option name="simplifiedView" value="false" />
          <option name="watchReturnValues" value="true" />
        </configuration>
      </debugger>
    </debuggers>
  </component>
</application>