<application>
  <component name="MaterialThemeConfig">
    <option name="isCompactStatusBar" value="true" />
    <option name="isContrastMode" value="true" />
    <option name="isWizardShown" value="true" />
    <option name="overrideAccentColor" value="true" />
    <option name="pristineConfig" value="false" />
    <option name="accentColor" value="009688" />
    <option name="selectedTheme" value="CUSTOM" />
    <option name="userId" value="-30d2d095:16bd63302c5:-8000" />
    <option name="version" value="3.10.0" />
  </component>
</application>