<application>
  <component name="MaterialThemeConfig">
    <option name="compactDropdowns" value="true" />
    <option name="compactSidebar" value="true" />
    <option name="fileIcons" value="false" />
    <option name="isCompactMenus" value="true" />
    <option name="isCompactStatusBar" value="true" />
    <option name="isCompactTables" value="true" />
    <option name="isContrastMode" value="true" />
    <option name="isWizardShown" value="true" />
    <option name="pristineConfig" value="false" />
    <option name="statusBarTheme" value="false" />
    <option name="customSidebarHeight" value="24" />
    <option name="treeFontSize" value="15" />
    <option name="settingsSelectedTab" value="2" />
    <option name="accentColor" value="009688" />
    <option name="selectedTheme" value="ARC_DARK" />
    <option name="userId" value="-30d2d095:16bd63302c5:-8000" />
    <option name="version" value="3.10.0" />
    <option name="tabHighlightPosition" value="Bottom" />
  </component>
</application>