<application>
  <component name="CvsApplicationLevelConfiguration">
    <option name="EXT_CONFIGURATION">
      <value>
        <option name="CVS_RSH" value="ssh" />
        <option name="PRIVATE_KEY_FILE" value="" />
        <option name="ADDITIONAL_PARAMETERS" value="" />
        <option name="USE_INTERNAL_SSH_IMPLEMENTATION" value="false" />
      </value>
    </option>
    <option name="SSH_CONFIGURATION">
      <value SSH_TYPE="SSH1, SSH2">
        <option name="USE_PPK" value="false" />
        <option name="PATH_TO_PPK" value="" />
      </value>
    </option>
    <option name="LOCAL_CONFIGURATION">
      <value>
        <option name="PATH_TO_CVS_CLIENT" value="cvs" />
      </value>
    </option>
    <option name="PROXY_SETTINGS">
      <value>
        <option name="USE_PROXY" value="false" />
        <option name="PROXY_HOST" value="" />
        <option name="PROXY_PORT" value="8080" />
        <option name="TYPE" value="0" />
        <option name="LOGIN" value="" />
        <option name="PASSWORD" value="" />
      </value>
    </option>
    <option name="SSH_FOR_EXT_CONFIGURATION">
      <value SSH_TYPE="SSH1, SSH2">
        <option name="USE_PPK" value="false" />
        <option name="PATH_TO_PPK" value="" />
      </value>
    </option>
    <option name="PATH_TO_PASSWORD_FILE" value="$userdir/.cvspass" />
    <option name="TIMEOUT" value="10" />
    <option name="MAKE_CHECKED_OUT_FILES_READONLY" value="false" />
    <option name="CHECKOUT_PRUNE_EMPTY_DIRECTORIES" value="true" />
    <option name="CHECKOUT_KEYWORD_SUBSTITUTION" />
    <option name="SHOW_RESTORE_DIRECTORIES_CONFIRMATION" value="true" />
    <option name="ENCODING" value="Default" />
    <option name="USE_GZIP" value="false" />
    <option name="DO_OUTPUT" value="false" />
    <option name="SEND_ENVIRONMENT_VARIABLES_TO_SERVER" value="false" />
    <option name="SHOW_PATH" value="true" />
  </component>
  <component name="PropertiesComponent">
    <property name="ColorChooser.RecentColors" value="232-90-39-255,,,107-153-232-255,,,160-180-232-255,,,173-151-232-255,,,130-164-232-255,,,122-181-232-255,,,114-196-232-255,,,91-232-192-255,,,64-232-181-255,,,92-232-193-255,,,232-202-211-255,,,222-237-255-255,,,248-174-62-255,,,248-189-94-255,,,222-248-243-255,,,26-28-31-255,,,27-30-33-255,,,48-54-57-255,,,68-67-67-255" />
    <property name="CommitChangeListDialog.DETAILS_SPLITTER_PROPORTION_2" value="0.63624513" />
    <property name="Copy.OpenInEditor" value="true" />
    <property name="Darcula.savedEditorTheme" value="_@user_Material Darker" />
    <property name="Default.savedEditorTheme" value="_@user_Default" />
    <property name="ExpandBeforeRunStepsPanel" value="true" />
    <property name="FileColorsForProjectViewEnabled" value="true" />
    <property name="FileColorsForTabsEnabled" value="true" />
    <property name="FileTemplates.SelectedTemplate" value="Python Unit Test" />
    <property name="MTTabsHeight" value="42" />
    <property name="MemberChooser.copyJavadoc" value="false" />
    <property name="MemberChooser.showClasses" value="true" />
    <property name="PLUGIN_FILTER" value="mater&#10;material&#10;jira&#10;random" />
    <property name="PluginConfigurable.selectionTab" value="1" />
    <property name="PyCharm.InitialConfiguration" value="true" />
    <property name="PyCharm.InitialConfiguration.V2" value="true" />
    <property name="PyCharm.InitialConfiguration.V3" value="true" />
    <property name="PyCharm.InitialConfiguration.V4" value="true" />
    <property name="PyCharm.InitialConfiguration.V5" value="true" />
    <property name="PyCharm.InitialConfiguration.V6" value="true" />
    <property name="PyCharm.InitialConfiguration.V7" value="true" />
    <property name="PyCharm.initialConfigurationShown" value="true" />
    <property name="SettingsSearchHistory" value="content roo&#10;path&#10;compl&#10;sugges&#10;comple" />
    <property name="com.chrisrm.idea.MaterialThemeUI.theme" value="DARKER" />
    <property name="com.intellij.history.integration.ui.views.FileHistoryDialog.0" value="300" />
    <property name="com.intellij.history.integration.ui.views.FileHistoryDialog.1" value="800" />
    <property name="com.intellij.history.integration.ui.views.SelectionHistoryDialog.0" value="300" />
    <property name="com.intellij.history.integration.ui.views.SelectionHistoryDialog.1" value="800" />
    <property name="file.chooser.recent.files" value="$USER_HOME$/anaconda/envs/py36/bin/python&#10;/home/mariia/anaconda/envs/py36&#10;/home/mariia/Documents/Code/mortara-ecg-analyzer&#10;/home/mariia/Documents/Code/ctypes_poc&#10;/home/mariia/Documents/Code&#10;/home/mariia/Documents/Code/DataScience/reports&#10;/home/mariia/Documents/Code/DataScience/qtp&#10;/home/mariia/Documents/Code/DataScience/pymef&#10;/home/mariia/Documents/Code/DataScience/projects&#10;/home/mariia/Documents/Code/DataScience/dataio&#10;/home/mariia/Documents/Code/DataScience/blocks/docs&#10;/home/mariia/Documents/Code/DataScience/blocks/docs/build&#10;/home/mariia/Documents/Code/DataScience/blocks/docs/source&#10;/home/mariia/Documents/Code/DataScience/blocks&#10;/home/mariia/Documents/Code/DataScience&#10;/home/mariia/Documents/Code/dotfiles/extras/pycharm_settings.jar" />
    <property name="file.colors.enable.non.project" value="" />
    <property name="file.gist.reindex.count" value="121979" />
    <property name="fileTypeChangedCounter" value="26" />
    <property name="ideavim.statistics.timestamp" value="1550667139013" />
    <property name="selected.color.option.type" value="FOLDED_TEXT_BORDER_COLOR" />
    <property name="settings.code.style.selected.tab.Python" value="Spaces" />
    <property name="vcs.history.diff.splitter.proportion" value="0.55608976" />
  </component>
  <component name="PyCodeInsightSettings">
    <option name="SHOW_IMPORT_POPUP" value="true" />
  </component>
  <component name="PyTestFrameworkService">
    <option name="SDK_TO_PYTEST">
      <map>
        <entry key="$USER_HOME$/anaconda/bin/python3.6" value="true" />
        <entry key="$USER_HOME$/anaconda/envs/py36/bin/python" value="true" />
      </map>
    </option>
    <option name="SDK_TO_NOSETEST">
      <map>
        <entry key="$USER_HOME$/anaconda/bin/python3.6" value="true" />
        <entry key="$USER_HOME$/anaconda/envs/py36/bin/python" value="true" />
        <entry key="C:\Users\Valentin\Anaconda3\python.exe" value="true" />
      </map>
    </option>
    <option name="SDK_TO_TRIALTEST">
      <map>
        <entry key="$USER_HOME$/anaconda/envs/py36/bin/python" value="false" />
      </map>
    </option>
  </component>
</application>