<application>
  <component name="GitRememberedInputs">
    <option name="visitedUrls">
      <list>
        <UrlAndUserName>
          <option name="url" value="git@git.bioserenity.com:data-science/biosdk.git" />
          <option name="userName" value="" />
        </UrlAndUserName>
        <UrlAndUserName>
          <option name="url" value="git@git.bioserenity.com:data-science/utils.git" />
          <option name="userName" value="" />
        </UrlAndUserName>
        <UrlAndUserName>
          <option name="url" value="git@git.bioserenity.com:data-science/QTP.git" />
          <option name="userName" value="" />
        </UrlAndUserName>
        <UrlAndUserName>
          <option name="url" value="git@git.bioserenity.com:data-science/scripts.git" />
          <option name="userName" value="" />
        </UrlAndUserName>
      </list>
    </option>
    <option name="cloneParentDir" value="C:\Users\Valentin\DataScience" />
  </component>
  <component name="VcsApplicationSettings">
    <option name="SHOW_LST_GUTTER_MARKERS" value="false" />
  </component>
</application>