<application>
  <component name="VimSettings">
    <state version="4" enabled="true" />
    <globalmarks />
    <filemarks>
      <file name="/start_script.py" timestamp="1544456288803">
        <mark key="[" line="0" column="0" />
        <mark key="]" line="3" column="13" />
      </file>
      <file name="$USER_HOME$/Documents/Code/DataScience/scripts/ex/aca/utils/helperPlotFct.py" timestamp="1542909732374">
        <mark key="'" line="10" column="47" />
        <mark key="[" line="65" column="45" />
        <mark key="]" line="65" column="50" />
        <mark key="^" line="65" column="50" />
        <mark key="." line="65" column="50" />
      </file>
      <file name="$USER_HOME$/Documents/Code/DataScience/scripts/ugi/pregno/170919.py" timestamp="1542909425693">
        <mark key="'" line="33" column="39" />
        <mark key="[" line="125" column="20" />
        <mark key="]" line="100" column="25" />
        <mark key="^" line="100" column="25" />
        <mark key="." line="125" column="22" />
      </file>
      <file name="$USER_HOME$/Documents/Code/DataScience/blocks/core/compute.py" timestamp="1542903382495">
        <mark key="'" line="101" column="21" />
        <mark key="[" line="104" column="31" />
        <mark key="]" line="101" column="38" />
        <mark key="." line="104" column="38" />
        <mark key="^" line="101" column="38" />
      </file>
      <file name="$USER_HOME$/Documents/Code/DataScience/projects/electrodes/vizArmProtocolDb/vizIsoElectric.py" timestamp="1542905975701">
        <mark key="'" line="60" column="51" />
        <mark key="[" line="99" column="51" />
        <mark key="]" line="99" column="51" />
        <mark key="^" line="54" column="5" />
        <mark key="." line="99" column="51" />
      </file>
      <file name="$USER_HOME$/Documents/Code/DataScience/projects/electrodes/cardio/goldStandardPreTest.py" timestamp="1542907578315">
        <mark key="'" line="246" column="39" />
        <mark key="[" line="490" column="19" />
        <mark key="]" line="490" column="21" />
        <mark key="^" line="490" column="21" />
        <mark key="." line="490" column="21" />
      </file>
      <file name="$USER_HOME$/Documents/Code/DataScience/scripts/joz/Croix/F01-H01Wash_S3.py" timestamp="1542908127315">
        <mark key="'" line="61" column="10" />
        <mark key="[" line="61" column="15" />
        <mark key="]" line="61" column="17" />
        <mark key="^" line="61" column="17" />
        <mark key="." line="61" column="17" />
      </file>
      <file name="$USER_HOME$/Documents/Code/DataScience/scripts/ugi/Temp.py" timestamp="1542905653739">
        <mark key="'" line="709" column="47" />
        <mark key="[" line="974" column="8" />
        <mark key="]" line="974" column="8" />
        <mark key="^" line="828" column="35" />
        <mark key="." line="974" column="8" />
      </file>
      <file name="$USER_HOME$/Documents/Code/DataScience/reports/qtp/electrodes/InVitro/qtpInVitroInternalNoise.py" timestamp="1542909701741">
        <mark key="'" line="80" column="26" />
        <mark key="[" line="80" column="43" />
        <mark key="]" line="80" column="48" />
        <mark key="^" line="80" column="48" />
        <mark key="." line="80" column="48" />
      </file>
      <file name="$USER_HOME$/Documents/Code/DataScience/scripts/joz/Croix/CroixAgClAu.py" timestamp="1542908092938">
        <mark key="'" line="34" column="53" />
        <mark key="[" line="61" column="15" />
        <mark key="]" line="61" column="17" />
        <mark key="^" line="61" column="17" />
        <mark key="." line="61" column="17" />
      </file>
      <file name="$USER_HOME$/Documents/Code/DataScience/scripts/ugi/neuro/artefacts/plot32Hz.py" timestamp="1542910218789">
        <mark key="'" line="10" column="44" />
        <mark key="[" line="116" column="37" />
        <mark key="]" line="116" column="39" />
        <mark key="^" line="116" column="39" />
        <mark key="." line="116" column="39" />
      </file>
      <file name="$USER_HOME$/Documents/Code/DataScience/projects/electrodes/sleepEEG/Day/main.py" timestamp="1542910767390">
        <mark key="'" line="8" column="31" />
        <mark key="[" line="8" column="36" />
        <mark key="]" line="8" column="38" />
        <mark key="^" line="8" column="38" />
        <mark key="." line="8" column="38" />
      </file>
      <file name="$USER_HOME$/Documents/Code/DataScience/blocks/core/viz.py" timestamp="1542970356990">
        <mark key="'" line="220" column="54" />
        <mark key="[" line="220" column="46" />
        <mark key="]" line="220" column="51" />
        <mark key="^" line="220" column="51" />
        <mark key="." line="220" column="51" />
      </file>
      <file name="$USER_HOME$/Documents/Code/DataScience/scripts/joz/Croix/H01&amp;F01_S1-6.py" timestamp="1542908148739">
        <mark key="'" line="43" column="53" />
        <mark key="[" line="70" column="15" />
        <mark key="]" line="70" column="17" />
        <mark key="^" line="70" column="17" />
        <mark key="." line="70" column="17" />
      </file>
      <file name="$USER_HOME$/Documents/Code/DataScience/scripts/ugi/neuro/variability_ECG-EMG.py" timestamp="1542908631627">
        <mark key="'" line="124" column="33" />
        <mark key="[" line="124" column="31" />
        <mark key="]" line="30" column="25" />
        <mark key="^" line="30" column="25" />
        <mark key="." line="124" column="33" />
      </file>
      <file name="$USER_HOME$/Documents/Code/DataScience/scripts/ugi/neuro/otherPipelines/pyecogPowerCalculation.py" timestamp="1542970969829">
        <mark key="'" line="70" column="66" />
        <mark key="[" line="70" column="69" />
        <mark key="." line="70" column="74" />
      </file>
      <file name="$USER_HOME$/Documents/Code/DataScience/scripts/rwa/pregno/singleRecord/171013.py" timestamp="1542910130228">
        <mark key="'" line="10" column="5" />
        <mark key="[" line="22" column="31" />
        <mark key="]" line="22" column="33" />
        <mark key="^" line="22" column="33" />
        <mark key="." line="22" column="33" />
      </file>
      <file name="$USER_HOME$/Documents/Code/DataScience/scripts/rwa/pregno/micromedDb.py" timestamp="1542908498123">
        <mark key="'" line="44" column="14" />
        <mark key="[" line="114" column="60" />
        <mark key="]" line="42" column="67" />
        <mark key="^" line="42" column="67" />
        <mark key="." line="114" column="65" />
      </file>
      <file name="$USER_HOME$/Documents/Code/DataScience/scripts/ugi/neuro/artefacts/wemuPlots.py" timestamp="1542910679397">
        <mark key="'" line="7" column="19" />
        <mark key="[" line="149" column="36" />
        <mark key="]" line="149" column="39" />
        <mark key="^" line="149" column="39" />
        <mark key="." line="149" column="39" />
      </file>
      <file name="$USER_HOME$/Documents/Code/DataScience/scripts/rwa/pregno/singleRecord/170919.py" timestamp="1542908543332">
        <mark key="'" line="107" column="19" />
        <mark key="[" line="130" column="20" />
        <mark key="]" line="83" column="25" />
        <mark key="^" line="83" column="25" />
        <mark key="." line="130" column="22" />
      </file>
      <file name="$USER_HOME$/code/algo/dreemonpy/dreemonpy/online/stimulation/stimulator_n2.py" timestamp="1562590476479">
        <mark key="'" line="285" column="0" />
        <mark key="[" line="199" column="46" />
        <mark key="]" line="199" column="69" />
        <mark key="^" line="290" column="23" />
        <mark key="." line="290" column="23" />
      </file>
      <file name="$USER_HOME$/Documents/Code/DataScience/scripts/fsi/wpm/studies/multiTestNoise.py" timestamp="1542907932348">
        <mark key="'" line="110" column="90" />
        <mark key="[" line="99" column="70" />
        <mark key="]" line="99" column="75" />
        <mark key="^" line="99" column="75" />
        <mark key="." line="99" column="75" />
      </file>
      <file name="$USER_HOME$/Documents/Code/DataScience/scripts/mfe/pregno/realData/pregnoWomanLille.py" timestamp="1542909790260">
        <mark key="'" line="67" column="21" />
        <mark key="[" line="67" column="25" />
        <mark key="]" line="67" column="27" />
        <mark key="^" line="67" column="27" />
        <mark key="." line="67" column="27" />
      </file>
      <file name="$USER_HOME$/Documents/Code/DataScience/blocks/checkFilter/checkFilter.py" timestamp="1542903278551">
        <mark key="'" line="116" column="17" />
        <mark key="[" line="178" column="47" />
        <mark key="]" line="178" column="47" />
        <mark key="^" line="179" column="9" />
        <mark key="." line="178" column="47" />
      </file>
      <file name="$USER_HOME$/Documents/Code/DataScience/scripts/rwa/autoNotch.py" timestamp="1542909928550">
        <mark key="'" line="36" column="13" />
        <mark key="[" line="36" column="29" />
        <mark key="]" line="36" column="29" />
        <mark key="^" line="36" column="19" />
        <mark key="." line="36" column="29" />
      </file>
      <file name="$USER_HOME$/Documents/Code/DataScience/scripts/fsi/wpm/studies/multiTestPseudoXtalk.py" timestamp="1542907977834">
        <mark key="'" line="18" column="56" />
        <mark key="[" line="158" column="39" />
        <mark key="]" line="158" column="42" />
        <mark key="^" line="158" column="42" />
        <mark key="." line="158" column="42" />
      </file>
      <file name="/Clipboard.txt" timestamp="1562673644304">
        <mark key="[" line="0" column="0" />
      </file>
      <file name="$USER_HOME$/Documents/Code/DataScience/scripts/fsi/wpm/studies/sleepRoughGain.py" timestamp="1542908055803">
        <mark key="'" line="52" column="96" />
        <mark key="[" line="49" column="57" />
        <mark key="]" line="49" column="62" />
        <mark key="^" line="49" column="62" />
        <mark key="." line="49" column="62" />
      </file>
      <file name="/Python Console" timestamp="1562675184769">
        <mark key="[" line="0" column="0" />
        <mark key="]" line="0" column="0" />
        <mark key="." line="0" column="0" />
      </file>
      <file name="/fragment.py" timestamp="1562675597182">
        <mark key="[" line="0" column="0" />
        <mark key="]" line="0" column="15" />
        <mark key="." line="0" column="15" />
        <mark key="^" line="0" column="15" />
      </file>
      <file name="$USER_HOME$/Documents/Code/DataScience/scripts/ugi/neuro/noiseArmProtocol.py" timestamp="1542911637791">
        <mark key="'" line="494" column="8" />
        <mark key="[" line="500" column="19" />
        <mark key="]" line="500" column="19" />
        <mark key="." line="500" column="19" />
        <mark key="^" line="500" column="20" />
      </file>
      <file name="$USER_HOME$/Documents/Code/DataScience/scripts/rwa/pregno/fecgExtraction.py" timestamp="1542908403259">
        <mark key="'" line="176" column="43" />
        <mark key="[" line="176" column="33" />
        <mark key="]" line="176" column="43" />
        <mark key="." line="176" column="43" />
        <mark key="^" line="176" column="43" />
      </file>
      <file name="$USER_HOME$/Documents/Code/DataScience/scripts/ugi/pregno/loadData/v5Lille_loadData.py" timestamp="1542909499020">
        <mark key="'" line="12" column="4" />
        <mark key="[" line="12" column="9" />
        <mark key="]" line="12" column="11" />
        <mark key="^" line="12" column="11" />
        <mark key="." line="12" column="11" />
      </file>
      <file name="$USER_HOME$/Documents/Code/DataScience/scripts/sma/pocs/filters.py" timestamp="1542970894872">
        <mark key="'" line="121" column="43" />
        <mark key="[" line="121" column="46" />
        <mark key="." line="121" column="51" />
      </file>
      <file name="$USER_HOME$/Documents/Code/DataScience/scripts/ugi/viz/interactiveSpectrogram.py" timestamp="1542909545596">
        <mark key="'" line="5" column="44" />
        <mark key="[" line="5" column="49" />
        <mark key="]" line="5" column="51" />
        <mark key="^" line="5" column="51" />
        <mark key="." line="5" column="51" />
      </file>
      <file name="$USER_HOME$/Documents/Code/DataScience/scripts/rwa/pregno/NonPregnante.py" timestamp="1542910104485">
        <mark key="'" line="26" column="27" />
        <mark key="[" line="26" column="31" />
        <mark key="]" line="26" column="33" />
        <mark key="^" line="26" column="33" />
        <mark key="." line="26" column="33" />
      </file>
      <file name="$USER_HOME$/Documents/Code/DataScience/blocks/signals/ecg/ext/ecgMortara/examples/mortara_crashing.py" timestamp="1542907454276">
        <mark key="'" line="4" column="0" />
        <mark key="[" line="35" column="39" />
        <mark key="]" line="35" column="41" />
        <mark key="^" line="35" column="41" />
        <mark key="." line="35" column="41" />
      </file>
      <file name="$USER_HOME$/Documents/Code/DataScience/scripts/sma/pocs/mneFilters.py" timestamp="1542971039645">
        <mark key="'" line="132" column="27" />
        <mark key="[" line="128" column="39" />
        <mark key="]" line="128" column="44" />
        <mark key="^" line="128" column="44" />
        <mark key="." line="128" column="44" />
      </file>
      <file name="$USER_HOME$/Documents/Code/DataScience/scripts/rwa/pregno/singleRecord/171124.py" timestamp="1542908577030">
        <mark key="'" line="9" column="5" />
        <mark key="[" line="9" column="48" />
        <mark key="]" line="9" column="48" />
        <mark key="^" line="9" column="48" />
        <mark key="." line="9" column="48" />
      </file>
      <file name="$USER_HOME$/Documents/Code/DataScience/scripts/ugi/pregno/fECG_Lille170517_.py" timestamp="1542909449340">
        <mark key="'" line="21" column="9" />
        <mark key="[" line="21" column="15" />
        <mark key="]" line="21" column="16" />
        <mark key="^" line="21" column="16" />
        <mark key="." line="21" column="16" />
      </file>
      <file name="$USER_HOME$/Documents/Code/DataScience/scripts/rwa/cardio/testTemplates2.py" timestamp="1542908380364">
        <mark key="'" line="81" column="36" />
        <mark key="[" line="81" column="34" />
        <mark key="]" line="81" column="36" />
        <mark key="^" line="81" column="36" />
        <mark key="." line="81" column="36" />
      </file>
      <file name="$USER_HOME$/Documents/Code/DataScience/projects/electrodes/sleepEEG/Day/computeFct.py" timestamp="1542907685165">
        <mark key="'" line="11" column="31" />
        <mark key="[" line="11" column="36" />
        <mark key="]" line="11" column="38" />
        <mark key="^" line="11" column="38" />
        <mark key="." line="11" column="38" />
      </file>
      <file name="$USER_HOME$/Documents/Code/DataScience/scripts/rwa/pregno/singleRecord/171102.py" timestamp="1542910149398">
        <mark key="'" line="14" column="5" />
        <mark key="[" line="18" column="31" />
        <mark key="]" line="11" column="27" />
        <mark key="^" line="11" column="27" />
        <mark key="." line="18" column="33" />
      </file>
      <file name="$USER_HOME$/Documents/Code/DataScience/projects/electrodes/vizArmProtocolDb/vizQrsRegularity.py" timestamp="1542906084466">
        <mark key="'" line="8" column="83" />
        <mark key="[" line="96" column="27" />
        <mark key="]" line="96" column="27" />
        <mark key="." line="96" column="27" />
        <mark key="^" line="8" column="35" />
      </file>
      <file name="$USER_HOME$/Documents/Code/DataScience/blocks/core/filter2.py" timestamp="1542970985439">
        <mark key="'" line="882" column="21" />
        <mark key="[" line="937" column="52" />
        <mark key="]" line="937" column="53" />
        <mark key="." line="937" column="53" />
      </file>
      <file name="$USER_HOME$/Documents/Code/DataScience/scripts/rwa/pregno/micromed/ehg.py" timestamp="1542970844549">
        <mark key="'" line="10" column="85" />
        <mark key="[" line="28" column="33" />
        <mark key="." line="28" column="38" />
      </file>
      <file name="$USER_HOME$/Documents/Code/DataScience/scripts/ugi/neuro/noise.py" timestamp="1542911093856">
        <mark key="'" line="425" column="50" />
        <mark key="[" line="440" column="42" />
        <mark key="]" line="440" column="42" />
        <mark key="." line="440" column="42" />
      </file>
      <file name="$USER_HOME$/Documents/Code/DataScience/scripts/ugi/viz/interactivePsd.py" timestamp="1542909530172">
        <mark key="'" line="7" column="44" />
        <mark key="[" line="72" column="10" />
        <mark key="]" line="72" column="12" />
        <mark key="^" line="72" column="12" />
        <mark key="." line="72" column="12" />
      </file>
      <file name="$USER_HOME$/Documents/Code/DataScience/scripts/ugi/neuro/bsArtefactEeg/tools/helperPlotFct.py" timestamp="1542908784412">
        <mark key="'" line="64" column="23" />
        <mark key="[" line="60" column="50" />
        <mark key="]" line="60" column="55" />
        <mark key="^" line="60" column="55" />
        <mark key="." line="60" column="55" />
      </file>
      <file name="$USER_HOME$/Documents/Code/DataScience/scripts/mfe/tests/tmp.py" timestamp="1549634494119">
        <mark key="'" line="11" column="0" />
        <mark key="[" line="11" column="87" />
        <mark key="]" line="13" column="33" />
        <mark key="^" line="13" column="33" />
        <mark key="." line="13" column="33" />
      </file>
      <file name="$USER_HOME$/Documents/Code/DataScience/scripts/ugi/neuro/EEG_electrodes/nightAnalysis.py" timestamp="1542909277108">
        <mark key="'" line="15" column="31" />
        <mark key="[" line="15" column="36" />
        <mark key="]" line="15" column="38" />
        <mark key="^" line="15" column="38" />
        <mark key="." line="15" column="38" />
      </file>
      <file name="$USER_HOME$/Documents/Code/DataScience/scripts/mra/pocs/metricsArch.py" timestamp="1542909883843">
        <mark key="'" line="127" column="19" />
        <mark key="[" line="127" column="45" />
        <mark key="]" line="127" column="45" />
        <mark key="^" line="127" column="25" />
        <mark key="." line="127" column="45" />
      </file>
      <file name="$USER_HOME$/Documents/Code/DataScience/scripts/mfe/somno/emg_eog.py" timestamp="1542908293443">
        <mark key="'" line="98" column="51" />
        <mark key="[" line="116" column="49" />
        <mark key="]" line="92" column="51" />
        <mark key="^" line="92" column="51" />
        <mark key="." line="116" column="51" />
      </file>
      <file name="$USER_HOME$/Documents/Code/DataScience/scripts/ugi/metricTests/NeedRawForFlat.py" timestamp="1542908607716">
        <mark key="'" line="29" column="32" />
        <mark key="[" line="29" column="37" />
        <mark key="]" line="29" column="39" />
        <mark key="^" line="29" column="39" />
        <mark key="." line="29" column="39" />
      </file>
      <file name="$USER_HOME$/Documents/Code/DataScience/scripts/ugi/Oximeter/oxyFFT.py" timestamp="1542909394844">
        <mark key="'" line="30" column="35" />
        <mark key="[" line="49" column="40" />
        <mark key="]" line="49" column="41" />
        <mark key="^" line="49" column="41" />
        <mark key="." line="49" column="41" />
      </file>
      <file name="$USER_HOME$/Documents/Code/DataScience/scripts/mfe/pregno/testAndDebut/noiseVsRef.py" timestamp="1542909845821">
        <mark key="'" line="158" column="18" />
        <mark key="[" line="13" column="43" />
        <mark key="]" line="13" column="0" />
        <mark key="^" line="13" column="0" />
        <mark key="." line="13" column="0" />
      </file>
      <file name="$USER_HOME$/Documents/Code/DataScience/projects/somno/emgTextileVsGel.py" timestamp="1542907716922">
        <mark key="'" line="23" column="10" />
        <mark key="[" line="23" column="15" />
        <mark key="]" line="23" column="17" />
        <mark key="^" line="23" column="17" />
        <mark key="." line="23" column="17" />
      </file>
      <file name="$USER_HOME$/Documents/Code/DataScience/scripts/mfe/pregno/testAndDebut/noiseLille.py" timestamp="1542909808019">
        <mark key="'" line="105" column="25" />
        <mark key="[" line="105" column="29" />
        <mark key="]" line="105" column="31" />
        <mark key="^" line="105" column="31" />
        <mark key="." line="105" column="31" />
      </file>
      <file name="$USER_HOME$/Documents/Code/DataScience/scripts/mfe/somno/emg_twitch.py" timestamp="1542908311723">
        <mark key="'" line="93" column="9" />
        <mark key="[" line="94" column="14" />
        <mark key="]" line="93" column="16" />
        <mark key="^" line="93" column="16" />
        <mark key="." line="94" column="16" />
      </file>
      <file name="$USER_HOME$/Documents/Code/DataScience/scripts/rwa/pregno/openbciRefs.py" timestamp="1542908515124">
        <mark key="'" line="50" column="55" />
        <mark key="[" line="28" column="14" />
        <mark key="]" line="28" column="16" />
        <mark key="^" line="28" column="16" />
        <mark key="." line="28" column="16" />
      </file>
      <file name="$USER_HOME$/Documents/Code/DataScience/scripts/mfe/cardio/mortara_scripts/quality24hours.py" timestamp="1543331113959">
        <mark key="'" line="220" column="0" />
        <mark key="]" line="80" column="9" />
        <mark key="." line="80" column="9" />
        <mark key="^" line="80" column="9" />
      </file>
      <file name="$USER_HOME$/Documents/Code/DataScience/scripts/mfe/pregno/realData/fecgAndContrLille.py" timestamp="1542909779174">
        <mark key="'" line="0" column="0" />
        <mark key="[" line="62" column="29" />
        <mark key="]" line="62" column="31" />
        <mark key="^" line="62" column="31" />
        <mark key="." line="62" column="31" />
      </file>
      <file name="$USER_HOME$/Documents/Code/DataScience/scripts/ugi/neuro/noiseOld.py" timestamp="1542911134642">
        <mark key="'" line="448" column="42" />
        <mark key="[" line="476" column="37" />
        <mark key="]" line="476" column="37" />
        <mark key="." line="476" column="37" />
      </file>
      <file name="$USER_HOME$/Documents/Code/DataScience/scripts/mfe/pregno/testAndDebut/noiseTestsReceive.py" timestamp="1542908268668">
        <mark key="'" line="69" column="14" />
        <mark key="[" line="69" column="12" />
        <mark key="]" line="68" column="15" />
        <mark key="^" line="68" column="15" />
        <mark key="." line="69" column="14" />
      </file>
      <file name="$USER_HOME$/Documents/Code/DataScience/scripts/ugi/neuro/bsArtefactEeg/h5Write.py" timestamp="1542910457085">
        <mark key="'" line="249" column="35" />
        <mark key="[" line="265" column="43" />
        <mark key="]" line="265" column="45" />
        <mark key="^" line="265" column="45" />
        <mark key="." line="265" column="45" />
      </file>
      <file name="$USER_HOME$/Documents/Code/DataScience/scripts/ugi/pregno/fecgExtraction_dbPlot.py" timestamp="1542909478901">
        <mark key="'" line="16" column="30" />
        <mark key="[" line="16" column="30" />
        <mark key="]" line="16" column="40" />
        <mark key="^" line="16" column="40" />
        <mark key="." line="16" column="40" />
      </file>
      <file name="$USER_HOME$/Documents/Code/DataScience/scripts/ugi/vizArmsProtocol.py" timestamp="1542911081972">
        <mark key="'" line="401" column="55" />
        <mark key="[" line="438" column="34" />
        <mark key="]" line="438" column="33" />
        <mark key="." line="438" column="33" />
        <mark key="^" line="438" column="33" />
      </file>
      <file name="$USER_HOME$/Documents/Code/DataScience/scripts/sma/cardio/filterInitialCond.py" timestamp="1542906771259">
        <mark key="'" line="62" column="6" />
        <mark key="[" line="3" column="34" />
        <mark key="]" line="3" column="34" />
        <mark key="." line="3" column="34" />
        <mark key="^" line="36" column="5" />
      </file>
      <file name="$USER_HOME$/Documents/Code/DataScience/scripts/fsi/wpm/studies/noiseT4Amplifier.py" timestamp="1542908079042">
        <mark key="'" line="11" column="56" />
        <mark key="[" line="112" column="41" />
        <mark key="]" line="112" column="41" />
        <mark key="^" line="112" column="24" />
        <mark key="." line="112" column="41" />
      </file>
      <file name="$USER_HOME$/Documents/Code/DataScience/scripts/ugi/neuro/artefacts/wemu32HzAndPREP.py" timestamp="1542910326981">
        <mark key="'" line="53" column="12" />
        <mark key="[" line="111" column="37" />
        <mark key="]" line="111" column="39" />
        <mark key="^" line="111" column="39" />
        <mark key="." line="111" column="39" />
      </file>
      <file name="$USER_HOME$/Documents/Code/DataScience/projects/somno/emgLegs.py" timestamp="1542909661507">
        <mark key="'" line="145" column="43" />
        <mark key="[" line="139" column="35" />
        <mark key="]" line="139" column="37" />
        <mark key="^" line="139" column="37" />
        <mark key="." line="139" column="37" />
      </file>
      <file name="$USER_HOME$/Documents/Code/DataScience/scripts/rwa/pregno/fEcgSearch.py" timestamp="1542910035501">
        <mark key="'" line="32" column="30" />
        <mark key="[" line="61" column="29" />
        <mark key="]" line="61" column="31" />
        <mark key="^" line="61" column="31" />
        <mark key="." line="61" column="31" />
      </file>
      <file name="$USER_HOME$/Documents/Code/DataScience/scripts/rwa/pregno/singleRecord/170928_LilleHardware_Contraction.py" timestamp="1542910114364">
        <mark key="'" line="10" column="17" />
        <mark key="[" line="10" column="21" />
        <mark key="]" line="10" column="23" />
        <mark key="^" line="10" column="23" />
        <mark key="." line="10" column="23" />
      </file>
      <file name="$USER_HOME$/Documents/Code/DataScience/scripts/ugi/neuro/artefacts/wemuArtefacts.py" timestamp="1542910398989">
        <mark key="'" line="92" column="10" />
        <mark key="[" line="241" column="52" />
        <mark key="]" line="241" column="52" />
        <mark key="." line="241" column="52" />
        <mark key="^" line="241" column="52" />
      </file>
      <file name="$USER_HOME$/Documents/Code/DataScience/scripts/rwa/pregno/compareAmps.py" timestamp="1542909990420">
        <mark key="'" line="149" column="22" />
        <mark key="[" line="149" column="26" />
        <mark key="]" line="149" column="28" />
        <mark key="^" line="149" column="28" />
        <mark key="." line="149" column="28" />
      </file>
      <file name="$USER_HOME$/Documents/Code/DataScience/scripts/rwa/pregno/lille181112.py" timestamp="1542970816807">
        <mark key="'" line="114" column="64" />
        <mark key="[" line="114" column="67" />
        <mark key="]" line="110" column="73" />
        <mark key="." line="114" column="72" />
        <mark key="^" line="110" column="73" />
      </file>
      <file name="$USER_HOME$/Documents/Code/DataScience/scripts/rwa/noiseBumpTest.py" timestamp="1542908367323">
        <mark key="'" line="43" column="22" />
        <mark key="[" line="34" column="38" />
        <mark key="]" line="50" column="29" />
        <mark key="^" line="50" column="29" />
        <mark key="." line="34" column="40" />
      </file>
      <file name="$USER_HOME$/Documents/Code/DataScience/blocks/flow/neuro/computeFct.py" timestamp="1542907357563">
        <mark key="'" line="72" column="0" />
        <mark key="[" line="78" column="31" />
        <mark key="]" line="78" column="33" />
        <mark key="." line="78" column="33" />
        <mark key="^" line="78" column="33" />
      </file>
      <file name="$USER_HOME$/Documents/Code/DataScience/blocks/signals/ecg/ext/ecgMortara/examples/fullFile.py" timestamp="1542907458587">
        <mark key="'" line="148" column="30" />
        <mark key="[" line="242" column="35" />
        <mark key="]" line="242" column="37" />
        <mark key="^" line="242" column="37" />
        <mark key="." line="242" column="37" />
      </file>
      <file name="$USER_HOME$/Documents/Code/DataScience/scripts/mfe/somno/emg_twitch_hair.py" timestamp="1542908324396">
        <mark key="'" line="55" column="49" />
        <mark key="[" line="4" column="36" />
        <mark key="]" line="4" column="38" />
        <mark key="^" line="4" column="38" />
        <mark key="." line="4" column="38" />
      </file>
      <file name="$USER_HOME$/Documents/Code/DataScience/blocks/signals/ehg/process.py" timestamp="1542970783670">
        <mark key="'" line="22" column="37" />
        <mark key="[" line="21" column="85" />
        <mark key="]" line="22" column="37" />
        <mark key="^" line="22" column="37" />
        <mark key="." line="22" column="37" />
      </file>
      <file name="$USER_HOME$/Documents/Code/DataScience/scripts/ugi/neuro/artefacts/wemu0_78Hz.py" timestamp="1542970731669">
        <mark key="'" line="34" column="80" />
        <mark key="[" line="34" column="75" />
        <mark key="]" line="44" column="51" />
        <mark key="^" line="44" column="51" />
        <mark key="." line="34" column="80" />
      </file>
      <file name="$USER_HOME$/Documents/Code/DataScience/blocks/tests/test_compute.py" timestamp="1542910920566">
        <mark key="'" line="187" column="28" />
        <mark key="[" line="258" column="33" />
        <mark key="]" line="258" column="35" />
        <mark key="." line="258" column="35" />
        <mark key="^" line="258" column="35" />
      </file>
      <file name="$USER_HOME$/Documents/Code/DataScience/scripts/ugi/neuro/artefacts/wemu32HzAnalysis.py" timestamp="1542910291885">
        <mark key="'" line="415" column="30" />
        <mark key="[" line="409" column="27" />
        <mark key="]" line="409" column="29" />
        <mark key="^" line="409" column="29" />
        <mark key="." line="409" column="29" />
      </file>
      <file name="$USER_HOME$/Documents/Code/DataScience/scripts/mra/PREP/testPrep.py" timestamp="1542909910127">
        <mark key="'" line="106" column="6" />
        <mark key="[" line="33" column="41" />
        <mark key="]" line="33" column="41" />
        <mark key="^" line="33" column="21" />
        <mark key="." line="33" column="41" />
      </file>
      <file name="$USER_HOME$/Documents/Code/DataScience/scripts/mfe/electrodes/rwa.py" timestamp="1542909752884">
        <mark key="'" line="15" column="34" />
        <mark key="[" line="15" column="38" />
        <mark key="]" line="15" column="40" />
        <mark key="^" line="15" column="40" />
        <mark key="." line="15" column="40" />
      </file>
      <file name="$USER_HOME$/Documents/Code/DataScience/scripts/fsi/wpm/studies/debugIntegrationPPR.py" timestamp="1542907847580">
        <mark key="'" line="69" column="17" />
        <mark key="[" line="69" column="46" />
        <mark key="]" line="69" column="51" />
        <mark key="^" line="69" column="51" />
        <mark key="." line="69" column="51" />
      </file>
      <file name="$USER_HOME$/Documents/Code/DataScience/reports/qtp/algo/ecgQrsDetection.py" timestamp="1542907734052">
        <mark key="'" line="80" column="16" />
        <mark key="[" line="80" column="21" />
        <mark key="]" line="80" column="23" />
        <mark key="." line="80" column="23" />
        <mark key="^" line="80" column="23" />
      </file>
      <file name="$USER_HOME$/Documents/Code/DataScience/scripts/ugi/cardionaute/BFFvsISHNE_Executable.py" timestamp="1542970920453">
        <mark key="'" line="300" column="34" />
        <mark key="[" line="300" column="29" />
        <mark key="." line="300" column="34" />
      </file>
      <file name="$USER_HOME$/Documents/Code/DataScience/scripts/mfe/cardio/mortara_via_ctypes/examples/fullFile.py" timestamp="1542908219291">
        <mark key="'" line="148" column="30" />
        <mark key="[" line="242" column="35" />
        <mark key="]" line="242" column="37" />
        <mark key="^" line="242" column="37" />
        <mark key="." line="242" column="37" />
      </file>
      <file name="$USER_HOME$/Documents/Code/DataScience/scripts/rwa/pregno/micromed/load.py" timestamp="1542970879768">
        <mark key="'" line="40" column="62" />
        <mark key="[" line="75" column="65" />
        <mark key="]" line="36" column="71" />
        <mark key="^" line="36" column="71" />
        <mark key="." line="75" column="70" />
      </file>
      <file name="$USER_HOME$/Documents/Code/DataScience/scripts/rwa/classTest/biosig.py" timestamp="1542909951237">
        <mark key="'" line="273" column="26" />
        <mark key="[" line="273" column="24" />
        <mark key="]" line="273" column="26" />
        <mark key="^" line="273" column="26" />
        <mark key="." line="273" column="26" />
      </file>
      <file name="$USER_HOME$/Documents/Code/DataScience/scripts/ugi/TempCaro.py" timestamp="1542911023998">
        <mark key="'" line="277" column="46" />
        <mark key="[" line="277" column="46" />
        <mark key="]" line="277" column="46" />
        <mark key="." line="277" column="46" />
      </file>
      <file name="$USER_HOME$/Documents/Code/DataScience/reports/qtp/cardio/elec/qtp11.py" timestamp="1542907758762">
        <mark key="'" line="14" column="31" />
        <mark key="[" line="14" column="36" />
        <mark key="]" line="14" column="38" />
        <mark key="^" line="14" column="38" />
        <mark key="." line="14" column="38" />
      </file>
      <file name="$USER_HOME$/Documents/Code/DataScience/blocks/flow/eegProcessOld.py" timestamp="1542909584333">
        <mark key="'" line="156" column="48" />
        <mark key="[" line="156" column="66" />
        <mark key="]" line="156" column="66" />
        <mark key="^" line="156" column="54" />
        <mark key="." line="156" column="66" />
      </file>
      <file name="$USER_HOME$/Documents/Code/DataScience/reports/qtp/electrodes/PhysioVsGS/PlotCrossProtocol.py" timestamp="1542910985798">
        <mark key="'" line="104" column="40" />
        <mark key="[" line="111" column="38" />
        <mark key="]" line="111" column="38" />
        <mark key="." line="111" column="38" />
      </file>
      <file name="$USER_HOME$/Documents/Code/DataScience/scripts/mfe/pregno/realData/170928_LilleHardware_Contraction.py" timestamp="1542909765485">
        <mark key="'" line="182" column="25" />
        <mark key="[" line="182" column="29" />
        <mark key="]" line="182" column="31" />
        <mark key="^" line="182" column="31" />
        <mark key="." line="182" column="31" />
      </file>
      <file name="$USER_HOME$/Documents/Code/DataScience/scripts/joz/Croix/F01-S2&amp;S3.py" timestamp="1542908138427">
        <mark key="'" line="38" column="123" />
        <mark key="[" line="62" column="15" />
        <mark key="]" line="62" column="17" />
        <mark key="^" line="62" column="17" />
        <mark key="." line="62" column="17" />
      </file>
      <file name="$USER_HOME$/Documents/Code/DataScience/projects/electrodes/cardio/electrodeComparison.py" timestamp="1542907430189">
        <mark key="'" line="0" column="0" />
        <mark key="[" line="13" column="49" />
        <mark key="]" line="13" column="51" />
        <mark key="^" line="13" column="51" />
        <mark key="." line="13" column="51" />
      </file>
      <file name="$USER_HOME$/Documents/Code/DataScience/scripts/mfe/pregno/testAndDebut/armNoiseTestThreeDevices.py" timestamp="1542909800084">
        <mark key="'" line="103" column="77" />
        <mark key="[" line="103" column="81" />
        <mark key="]" line="103" column="83" />
        <mark key="^" line="103" column="83" />
        <mark key="." line="103" column="83" />
      </file>
      <file name="$USER_HOME$/Documents/Code/DataScience/scripts/ugi/neuro/artefacts/noisyChannels.py" timestamp="1542908667219">
        <mark key="'" line="21" column="18" />
        <mark key="[" line="42" column="29" />
        <mark key="]" line="42" column="31" />
        <mark key="." line="42" column="31" />
        <mark key="^" line="42" column="31" />
      </file>
      <file name="$USER_HOME$/Documents/Code/DataScience/blocks/signals/ecg/ext/ecgMortara/mortaraTools.py" timestamp="1543328063996">
        <mark key="'" line="1369" column="46" />
        <mark key="." line="1353" column="7" />
        <mark key="^" line="1353" column="7" />
      </file>
      <file name="$USER_HOME$/Documents/Code/DataScience/projects/electrodes/sleepEEG/plotFct.py" timestamp="1542907644629">
        <mark key="'" line="5" column="44" />
        <mark key="[" line="87" column="65" />
        <mark key="]" line="87" column="65" />
        <mark key="^" line="87" column="65" />
        <mark key="." line="87" column="65" />
      </file>
      <file name="$USER_HOME$/Documents/Code/DataScience/blocks/core/filter.py" timestamp="1549633510085">
        <mark key="'" line="719" column="0" />
        <mark key="[" line="719" column="0" />
        <mark key="]" line="722" column="117" />
        <mark key="^" line="719" column="27" />
        <mark key="." line="719" column="27" />
      </file>
      <file name="$USER_HOME$/Documents/Code/DataScience/scripts/joz/Croix/CroixFrontalesV2.py" timestamp="1542908118603">
        <mark key="'" line="37" column="122" />
        <mark key="[" line="61" column="15" />
        <mark key="]" line="61" column="17" />
        <mark key="^" line="61" column="17" />
        <mark key="." line="61" column="17" />
      </file>
      <file name="$USER_HOME$/Documents/Code/DataScience/scripts/rwa/pregno/NoiseVsRefPosition.py" timestamp="1542910068837">
        <mark key="'" line="48" column="29" />
        <mark key="[" line="97" column="38" />
        <mark key="]" line="97" column="40" />
        <mark key="^" line="97" column="40" />
        <mark key="." line="97" column="40" />
      </file>
      <file name="$USER_HOME$/Documents/Code/DataScience/scripts/sma/ecg_learnCorrelationThreshold.py" timestamp="1542910186196">
        <mark key="'" line="51" column="28" />
        <mark key="[" line="51" column="44" />
        <mark key="]" line="51" column="44" />
        <mark key="^" line="51" column="34" />
        <mark key="." line="51" column="44" />
      </file>
      <file name="$USER_HOME$/Documents/Code/DataScience/scripts/rwa/pregno/singleRecord/180202_Doppler.py" timestamp="1542970676253">
        <mark key="'" line="22" column="45" />
        <mark key="[" line="22" column="48" />
        <mark key="]" line="21" column="55" />
        <mark key="." line="22" column="53" />
        <mark key="^" line="21" column="55" />
      </file>
      <file name="$USER_HOME$/Documents/Code/DataScience/scripts/fsi/wpm/studies/multiNoise.py" timestamp="1542907895068">
        <mark key="'" line="108" column="17" />
        <mark key="[" line="12" column="61" />
        <mark key="]" line="12" column="63" />
        <mark key="^" line="12" column="63" />
        <mark key="." line="12" column="63" />
      </file>
      <file name="$USER_HOME$/Documents/Code/DataScience/blocks/tests/test_filter.py" timestamp="1542899440901">
        <mark key="'" line="238" column="0" />
        <mark key="[" line="141" column="62" />
        <mark key="]" line="141" column="62" />
        <mark key="^" line="141" column="62" />
        <mark key="." line="141" column="62" />
      </file>
    </filemarks>
    <jumps>
      <jump line="35" column="79" filename="$USER_HOME$/Documents/Code/DataScience/scripts/ugi/neuro/artefacts/wemu0_78Hz.py" />
      <jump line="37" column="78" filename="$USER_HOME$/Documents/Code/DataScience/scripts/ugi/neuro/artefacts/wemu0_78Hz.py" />
      <jump line="38" column="70" filename="$USER_HOME$/Documents/Code/DataScience/scripts/ugi/neuro/artefacts/wemu0_78Hz.py" />
      <jump line="39" column="79" filename="$USER_HOME$/Documents/Code/DataScience/scripts/ugi/neuro/artefacts/wemu0_78Hz.py" />
      <jump line="44" column="51" filename="$USER_HOME$/Documents/Code/DataScience/scripts/ugi/neuro/artefacts/wemu0_78Hz.py" />
      <jump line="56" column="43" filename="$USER_HOME$/Documents/Code/DataScience/scripts/ugi/neuro/artefacts/wemu0_78Hz.py" />
      <jump line="62" column="51" filename="$USER_HOME$/Documents/Code/DataScience/scripts/ugi/neuro/artefacts/wemu0_78Hz.py" />
      <jump line="10" column="68" filename="$USER_HOME$/Documents/Code/DataScience/scripts/ugi/neuro/artefacts/wemu0_78Hz.py" />
      <jump line="12" column="73" filename="$USER_HOME$/Documents/Code/DataScience/scripts/ugi/neuro/artefacts/wemu0_78Hz.py" />
      <jump line="13" column="80" filename="$USER_HOME$/Documents/Code/DataScience/scripts/ugi/neuro/artefacts/wemu0_78Hz.py" />
      <jump line="14" column="75" filename="$USER_HOME$/Documents/Code/DataScience/scripts/ugi/neuro/artefacts/wemu0_78Hz.py" />
      <jump line="16" column="77" filename="$USER_HOME$/Documents/Code/DataScience/scripts/ugi/neuro/artefacts/wemu0_78Hz.py" />
      <jump line="19" column="77" filename="$USER_HOME$/Documents/Code/DataScience/scripts/ugi/neuro/artefacts/wemu0_78Hz.py" />
      <jump line="30" column="77" filename="$USER_HOME$/Documents/Code/DataScience/scripts/ugi/neuro/artefacts/wemu0_78Hz.py" />
      <jump line="31" column="79" filename="$USER_HOME$/Documents/Code/DataScience/scripts/ugi/neuro/artefacts/wemu0_78Hz.py" />
      <jump line="32" column="69" filename="$USER_HOME$/Documents/Code/DataScience/scripts/ugi/neuro/artefacts/wemu0_78Hz.py" />
      <jump line="34" column="80" filename="$USER_HOME$/Documents/Code/DataScience/scripts/ugi/neuro/artefacts/wemu0_78Hz.py" />
      <jump line="29" column="0" filename="$USER_HOME$/Documents/Code/DataScience/blocks/signals/ehg/process.py" />
      <jump line="22" column="37" filename="$USER_HOME$/Documents/Code/DataScience/blocks/signals/ehg/process.py" />
      <jump line="110" column="65" filename="$USER_HOME$/Documents/Code/DataScience/scripts/rwa/pregno/lille181112.py" />
      <jump line="112" column="34" filename="$USER_HOME$/Documents/Code/DataScience/scripts/rwa/pregno/lille181112.py" />
      <jump line="114" column="64" filename="$USER_HOME$/Documents/Code/DataScience/scripts/rwa/pregno/lille181112.py" />
      <jump line="28" column="38" filename="$USER_HOME$/Documents/Code/DataScience/scripts/rwa/pregno/micromed/ehg.py" />
      <jump line="10" column="85" filename="$USER_HOME$/Documents/Code/DataScience/scripts/rwa/pregno/micromed/ehg.py" />
      <jump line="71" column="63" filename="$USER_HOME$/Documents/Code/DataScience/scripts/rwa/pregno/micromed/load.py" />
      <jump line="73" column="32" filename="$USER_HOME$/Documents/Code/DataScience/scripts/rwa/pregno/micromed/load.py" />
      <jump line="75" column="62" filename="$USER_HOME$/Documents/Code/DataScience/scripts/rwa/pregno/micromed/load.py" />
      <jump line="36" column="63" filename="$USER_HOME$/Documents/Code/DataScience/scripts/rwa/pregno/micromed/load.py" />
      <jump line="38" column="32" filename="$USER_HOME$/Documents/Code/DataScience/scripts/rwa/pregno/micromed/load.py" />
      <jump line="40" column="62" filename="$USER_HOME$/Documents/Code/DataScience/scripts/rwa/pregno/micromed/load.py" />
      <jump line="120" column="44" filename="$USER_HOME$/Documents/Code/DataScience/scripts/sma/pocs/filters.py" />
      <jump line="121" column="43" filename="$USER_HOME$/Documents/Code/DataScience/scripts/sma/pocs/filters.py" />
      <jump line="298" column="37" filename="$USER_HOME$/Documents/Code/DataScience/scripts/ugi/cardionaute/BFFvsISHNE_Executable.py" />
      <jump line="300" column="34" filename="$USER_HOME$/Documents/Code/DataScience/scripts/ugi/cardionaute/BFFvsISHNE_Executable.py" />
      <jump line="11" column="0" filename="$USER_HOME$/Documents/Code/DataScience/scripts/ugi/neuro/otherPipelines/pyecogPowerCalculation.py" />
      <jump line="63" column="76" filename="$USER_HOME$/Documents/Code/DataScience/scripts/ugi/neuro/otherPipelines/pyecogPowerCalculation.py" />
      <jump line="67" column="87" filename="$USER_HOME$/Documents/Code/DataScience/scripts/ugi/neuro/otherPipelines/pyecogPowerCalculation.py" />
      <jump line="70" column="66" filename="$USER_HOME$/Documents/Code/DataScience/scripts/ugi/neuro/otherPipelines/pyecogPowerCalculation.py" />
      <jump line="7" column="0" filename="$USER_HOME$/Documents/Code/DataScience/scripts/sma/pocs/mneFilters.py" />
      <jump line="118" column="0" filename="$USER_HOME$/Documents/Code/DataScience/scripts/sma/pocs/mneFilters.py" />
      <jump line="123" column="31" filename="$USER_HOME$/Documents/Code/DataScience/scripts/sma/pocs/mneFilters.py" />
      <jump line="124" column="37" filename="$USER_HOME$/Documents/Code/DataScience/scripts/sma/pocs/mneFilters.py" />
      <jump line="128" column="31" filename="$USER_HOME$/Documents/Code/DataScience/scripts/sma/pocs/mneFilters.py" />
      <jump line="132" column="27" filename="$USER_HOME$/Documents/Code/DataScience/scripts/sma/pocs/mneFilters.py" />
      <jump line="10" column="0" filename="$USER_HOME$/Documents/Code/DataScience/scripts/mfe/cardio/mortara_scripts/quality24hours.py" />
      <jump line="22" column="0" filename="$USER_HOME$/Documents/Code/DataScience/scripts/mfe/cardio/mortara_scripts/quality24hours.py" />
      <jump line="34" column="0" filename="$USER_HOME$/Documents/Code/DataScience/scripts/mfe/cardio/mortara_scripts/quality24hours.py" />
      <jump line="50" column="0" filename="$USER_HOME$/Documents/Code/DataScience/scripts/mfe/cardio/mortara_scripts/quality24hours.py" />
      <jump line="63" column="0" filename="$USER_HOME$/Documents/Code/DataScience/scripts/mfe/cardio/mortara_scripts/quality24hours.py" />
      <jump line="71" column="0" filename="$USER_HOME$/Documents/Code/DataScience/scripts/mfe/cardio/mortara_scripts/quality24hours.py" />
      <jump line="75" column="0" filename="$USER_HOME$/Documents/Code/DataScience/scripts/mfe/cardio/mortara_scripts/quality24hours.py" />
      <jump line="79" column="0" filename="$USER_HOME$/Documents/Code/DataScience/scripts/mfe/cardio/mortara_scripts/quality24hours.py" />
      <jump line="120" column="0" filename="$USER_HOME$/Documents/Code/DataScience/scripts/mfe/cardio/mortara_scripts/quality24hours.py" />
      <jump line="0" column="0" filename="$USER_HOME$/Documents/Code/DataScience/scripts/mfe/cardio/mortara_scripts/quality24hours.py" />
      <jump line="10" column="0" filename="$USER_HOME$/Documents/Code/DataScience/scripts/mfe/cardio/mortara_scripts/tmp.py" />
      <jump line="22" column="0" filename="$USER_HOME$/Documents/Code/DataScience/scripts/mfe/cardio/mortara_scripts/tmp.py" />
      <jump line="63" column="0" filename="$USER_HOME$/Documents/Code/DataScience/scripts/mfe/cardio/mortara_scripts/tmp.py" />
      <jump line="32" column="0" filename="$USER_HOME$/Documents/Code/DataScience/scripts/mfe/cardio/mortara_scripts/tmp.py" />
      <jump line="34" column="0" filename="$USER_HOME$/Documents/Code/DataScience/scripts/mfe/cardio/mortara_scripts/tmp.py" />
      <jump line="50" column="0" filename="$USER_HOME$/Documents/Code/DataScience/scripts/mfe/cardio/mortara_scripts/tmp.py" />
      <jump line="52" column="0" filename="$USER_HOME$/Documents/Code/DataScience/scripts/mfe/cardio/mortara_scripts/tmp.py" />
      <jump line="64" column="0" filename="$USER_HOME$/Documents/Code/DataScience/scripts/mfe/cardio/mortara_scripts/tmp.py" />
      <jump line="116" column="30" filename="$USER_HOME$/Documents/Code/DataScience/scripts/mfe/cardio/mortara_scripts/tmp.py" />
      <jump line="20" column="32" filename="$USER_HOME$/Documents/Code/DataScience/scripts/mfe/cardio/mortara_scripts/tmp.py" />
      <jump line="93" column="22" filename="$USER_HOME$/Documents/Code/DataScience/scripts/mfe/cardio/mortara_scripts/tmp.py" />
      <jump line="88" column="15" filename="$USER_HOME$/Documents/Code/DataScience/scripts/mfe/cardio/mortara_scripts/tmp.py" />
      <jump line="9" column="14" filename="$USER_HOME$/Documents/Code/DataScience/scripts/mfe/cardio/mortara_scripts/tmp.py" />
      <jump line="0" column="0" filename="$USER_HOME$/Documents/Code/DataScience/scripts/mfe/cardio/mortara_scripts/tmp.py" />
      <jump line="104" column="5" filename="$USER_HOME$/Documents/Code/DataScience/scripts/mfe/cardio/mortara_scripts/tmp.py" />
      <jump line="77" column="0" filename="$USER_HOME$/Documents/Code/DataScience/scripts/mfe/cardio/mortara_scripts/tmp.py" />
      <jump line="73" column="0" filename="$USER_HOME$/Documents/Code/DataScience/scripts/mfe/cardio/mortara_scripts/tmp.py" />
      <jump line="69" column="0" filename="$USER_HOME$/Documents/Code/DataScience/scripts/mfe/cardio/mortara_scripts/tmp.py" />
      <jump line="59" column="0" filename="$USER_HOME$/Documents/Code/DataScience/scripts/mfe/cardio/mortara_scripts/tmp.py" />
      <jump line="49" column="22" filename="$USER_HOME$/Documents/Code/DataScience/scripts/mfe/cardio/mortara_scripts/tmp.py" />
      <jump line="1369" column="46" filename="$USER_HOME$/Documents/Code/DataScience/blocks/signals/ecg/ext/ecgMortara/mortaraTools.py" />
      <jump line="107" column="0" filename="$USER_HOME$/Documents/Code/DataScience/scripts/mfe/cardio/mortara_scripts/tmp.py" />
      <jump line="27" column="33" filename="$USER_HOME$/Documents/Code/DataScience/scripts/mfe/cardio/mortara_scripts/tmp.py" />
      <jump line="220" column="0" filename="$USER_HOME$/Documents/Code/DataScience/scripts/mfe/cardio/mortara_scripts/quality24hours.py" />
      <jump line="144" column="2" filename="$USER_HOME$/Documents/Code/DataScience/scripts/mfe/cardio/testIsoElectric.py" />
      <jump line="151" column="0" filename="$USER_HOME$/Documents/Code/DataScience/scripts/mfe/cardio/testIsoElectric.py" />
      <jump line="154" column="0" filename="$USER_HOME$/Documents/Code/DataScience/scripts/mfe/cardio/testIsoElectric.py" />
      <jump line="8" column="15" filename="$USER_HOME$/Documents/Code/DataScience/scripts/mfe/tests/tmp.py" />
      <jump line="4" column="13" filename="$USER_HOME$/Documents/Code/DataScience/scripts/mfe/tests/tmp.py" />
      <jump line="721" column="0" filename="$USER_HOME$/Documents/Code/DataScience/blocks/core/filter.py" />
      <jump line="720" column="0" filename="$USER_HOME$/Documents/Code/DataScience/blocks/core/filter.py" />
      <jump line="9" column="2" filename="$USER_HOME$/Documents/Code/DataScience/scripts/mfe/tests/tmp.py" />
      <jump line="5" column="13" filename="$USER_HOME$/Documents/Code/DataScience/scripts/mfe/tests/tmp.py" />
      <jump line="0" column="0" filename="$USER_HOME$/Documents/Code/DataScience/scripts/mfe/tests/tmp.py" />
      <jump line="10" column="0" filename="$USER_HOME$/Documents/Code/DataScience/scripts/mfe/tests/tmp.py" />
      <jump line="11" column="0" filename="$USER_HOME$/Documents/Code/DataScience/scripts/mfe/tests/tmp.py" />
      <jump line="293" column="54" filename="$USER_HOME$/code/algo/dreemonpy/dreemonpy/online/stimulation/stimulator_n2.py" />
      <jump line="199" column="46" filename="$USER_HOME$/code/algo/dreemonpy/dreemonpy/online/stimulation/stimulator_n2.py" />
      <jump line="69" column="8" filename="$USER_HOME$/code/algo/dreemonpy/dreemonpy/online/stimulation/stimulator_n2.py" />
      <jump line="0" column="0" filename="$USER_HOME$/code/algo/dreemonpy/dreemonpy/online/stimulation/stimulator_n2.py" />
      <jump line="251" column="0" filename="$USER_HOME$/code/algo/dreemonpy/dreemonpy/online/stimulation/stimulator_n2.py" />
      <jump line="6" column="0" filename="$USER_HOME$/code/algo/dreemonpy/dreemonpy/online/stimulation/stimulator_n2.py" />
      <jump line="304" column="4" filename="$USER_HOME$/code/algo/dreemonpy/dreemonpy/online/stimulation/stimulator_n2.py" />
      <jump line="278" column="5" filename="$USER_HOME$/code/algo/dreemonpy/dreemonpy/online/stimulation/stimulator_n2.py" />
      <jump line="282" column="0" filename="$USER_HOME$/code/algo/dreemonpy/dreemonpy/online/stimulation/stimulator_n2.py" />
      <jump line="285" column="0" filename="$USER_HOME$/code/algo/dreemonpy/dreemonpy/online/stimulation/stimulator_n2.py" />
    </jumps>
    <registers>
      <register name="&quot;" type="2">
        <text encoding="base64">ZW5hYmxlcgo=</text>
      </register>
      <register name="-" type="4">
        <text encoding="base64">YW5kIA==</text>
      </register>
      <register name="/" type="4">
        <text>npts_pause_after_spindle</text>
      </register>
      <register name="0" type="4">
        <text>npts_pause_after_spindle</text>
      </register>
      <register name="1" type="2">
        <text encoding="base64">ZW5hYmxlcgo=</text>
      </register>
      <register name="q" type="4">
        <text>nf_x~</text>
      </register>
      <register name="2" type="2">
        <text encoding="base64">ZW5hYmxlciA9PSBFTkFCTEVSX1NUQVRVUy5FTkFCTEVfUkVNCg==</text>
      </register>
      <register name="3" type="2">
        <text encoding="base64">Cg==</text>
      </register>
      <register name="4" type="2">
        <text encoding="base64">IyBFNzMxCg==</text>
      </register>
      <register name="5" type="2">
        <text encoding="base64">ZGVmIGZpbHRGdW5jKHgpOgo=</text>
      </register>
      <register name="6" type="2">
        <text encoding="base64">c2lnRmx0ID0gZmlsdC5hcHBseShzaWcsIGZzKQo=</text>
      </register>
      <register name="7" type="2">
        <text encoding="base64">c2lnWzE6LTFdID0gMTAwCg==</text>
      </register>
      <register name="8" type="2">
        <text encoding="base64">c2lnID0gbnAuemVyb3MoZnMqMTApCg==</text>
      </register>
      <register name="9" type="2">
        <text encoding="base64">ICAgIG9mZnNldHMgPSByYW5nZSgwLCBpbnQodG90YWxEdXJhdGlvbiksIGludCh0aW1lRGVsdGEpKQo=</text>
      </register>
      <register name=":" type="4">
        <text>w</text>
      </register>
    </registers>
    <search>
      <last-search>npts_pause_after_spindle</last-search>
      <last-offset />
      <last-pattern>npts_pause_after_spindle</last-pattern>
      <last-replace>direction=</last-replace>
      <last-substitute>dir=</last-substitute>
      <last-dir>1</last-dir>
      <show-last>false</show-last>
    </search>
    <history>
      <history-search>
        <entry>comb</entry>
        <entry>notch</entry>
        <entry>cutoff</entry>
        <entry>width\C</entry>
        <entry>notC\C</entry>
        <entry>notchwidth\C</entry>
        <entry>notchwidth\c</entry>
        <entry>fcenter</entry>
        <entry>width</entry>
        <entry encoding="base64">XDxub3RjaElJUlw+</entry>
        <entry>flt</entry>
        <entry encoding="base64">XDxmbHRcPg==</entry>
        <entry>onepass</entry>
        <entry>twopass</entry>
        <entry>dir</entry>
        <entry>bnd</entry>
        <entry>blocks.eeg</entry>
        <entry>getnoga</entry>
        <entry>offset</entry>
        <entry>npts_pause_after_spindle</entry>
      </history-search>
      <history-cmd>
        <entry>h CTRL-B</entry>
        <entry>@q</entry>
        <entry>nf_x~</entry>
        <entry>qa</entry>
        <entry>%s//filt./g</entry>
        <entry>%s///gn</entry>
        <entry>%s//direction/g</entry>
        <entry>%s//direction=/g</entry>
        <entry>q</entry>
        <entry>wq</entry>
        <entry>w</entry>
      </history-cmd>
      <history-expr />
      <history-input />
    </history>
    <shortcut-conflicts>
      <shortcut-conflict owner="vim">
        <text>ctrl pressed C</text>
      </shortcut-conflict>
      <shortcut-conflict owner="ide">
        <text>ctrl pressed F</text>
      </shortcut-conflict>
      <shortcut-conflict owner="ide">
        <text>ctrl pressed B</text>
      </shortcut-conflict>
      <shortcut-conflict owner="ide">
        <text>ctrl pressed E</text>
      </shortcut-conflict>
      <shortcut-conflict owner="vim">
        <text>ctrl pressed S</text>
      </shortcut-conflict>
      <shortcut-conflict owner="vim">
        <text>ctrl pressed V</text>
      </shortcut-conflict>
      <shortcut-conflict owner="vim">
        <text>ctrl pressed R</text>
      </shortcut-conflict>
      <shortcut-conflict owner="vim">
        <text>ctrl pressed H</text>
      </shortcut-conflict>
      <shortcut-conflict owner="ide">
        <text>ctrl pressed O</text>
      </shortcut-conflict>
      <shortcut-conflict owner="vim">
        <text>ctrl pressed U</text>
      </shortcut-conflict>
      <shortcut-conflict owner="vim">
        <text>ctrl pressed D</text>
      </shortcut-conflict>
      <shortcut-conflict owner="vim">
        <text>ctrl pressed Q</text>
      </shortcut-conflict>
      <shortcut-conflict owner="vim">
        <text>ctrl pressed X</text>
      </shortcut-conflict>
    </shortcut-conflicts>
  </component>
</application>